<?xml version="1.0" encoding="utf-8"?>
<manifest xmlns:android="http://schemas.android.com/apk/res/android"
    xmlns:tools="http://schemas.android.com/tools"
    package="com.habitrpg.android.habitica"
    android:versionCode="104"
    android:versionName="0.0.32"
    android:screenOrientation="portrait"
    android:installLocation="auto" >

    <uses-sdk
        android:minSdkVersion="15"
        android:targetSdkVersion="24" />

    <uses-permission android:name="android.permission.ACCESS_NETWORK_STATE" />
    <uses-permission android:name="android.permission.INTERNET" />
    <uses-permission android:name="android.permission.WRITE_EXTERNAL_STORAGE" />
    <uses-permission android:name="android.permission.READ_EXTERNAL_STORAGE" />
    <uses-permission android:name="com.android.vending.BILLING" />
    <uses-permission android:name="android.permission.RECEIVE_BOOT_COMPLETED"/>

    <application
        android:name=".HabiticaApplication"
        android:allowBackup="true"
        android:icon="@mipmap/ic_launcher"
        android:label="@string/app_name"
        android:theme="@style/AppTheme">
        <activity
            android:name=".ui.activities.MainActivity"
            android:label="@string/app_name"
            android:windowSoftInputMode="stateHidden|adjustPan"
            android:screenOrientation="portrait">
            <intent-filter>
                <action android:name="android.intent.action.MAIN" />

                <category android:name="android.intent.category.LAUNCHER" />
            </intent-filter>
        </activity>
        <activity
            android:name=".ui.activities.PrefsActivity"
            android:parentActivityName=".ui.activities.MainActivity"
            android:label="@string/PS_settings_title"
            android:screenOrientation="portrait"
            tools:ignore="UnusedAttribute">
        </activity>
        <activity
            android:name=".ui.activities.LoginActivity"
            android:label="@string/LoginActivityName"
            android:theme="@style/AppThemeWithActionBarBlackText"
            android:windowSoftInputMode="adjustResize"
            android:screenOrientation="portrait">
        </activity>
        <activity
            android:name=".ui.activities.IntroActivity"
            android:windowSoftInputMode="adjustResize"
            android:screenOrientation="portrait">
        </activity>
        <activity
            android:name=".ui.activities.SetupActivity"
            android:windowSoftInputMode="adjustResize"
            android:screenOrientation="portrait">
        </activity>
        <activity
            android:name=".ui.activities.SkillTasksActivity"
            android:label="@string/app_name"
            android:screenOrientation="portrait">
        </activity>

        <activity
            android:name=".ui.activities.TaskFormActivity"
            android:theme="@style/AppThemeWithActionBarBlackText"
            android:parentActivityName=".ui.activities.MainActivity"
            android:screenOrientation="portrait"
            tools:ignore="UnusedAttribute">
            <meta-data
                android:name="android.support.PARENT_ACTIVITY"
                android:value=".ui.activities.MainActivity" />
        </activity>
        <activity
            android:name=".ui.activities.GroupFormActivity"
            android:theme="@style/AppThemeWithActionBarBlackText"
            android:parentActivityName=".ui.activities.MainActivity"
            android:screenOrientation="portrait"
            tools:ignore="UnusedAttribute">
            <meta-data
                android:name="android.support.PARENT_ACTIVITY"
                android:value=".ui.activities.MainActivity" />
        </activity>
        <activity
            android:name=".ui.activities.ClassSelectionActivity"
            android:theme="@style/AppThemeWithActionBarBlackText"
            android:parentActivityName=".ui.activities.MainActivity"
            android:screenOrientation="portrait"
            tools:ignore="UnusedAttribute"
            android:label="@string/select_class">
            <meta-data
                android:name="android.support.PARENT_ACTIVITY"
                android:value=".ui.activities.MainActivity" />
        </activity>
        <activity
            android:name=".ui.activities.PartyInviteActivity"
            android:theme="@style/AppThemeWithActionBarBlackText"
            android:screenOrientation="portrait"
            tools:ignore="UnusedAttribute"
            android:label="@string/invite_users">
        </activity>
        <activity android:name=".ui.activities.MaintenanceActivity"
            android:screenOrientation="portrait"
            android:theme="@style/Theme.AppCompat.Light.NoActionBar" />
        <receiver  android:process=":remote" android:name=".NotificationPublisher" />

        <receiver android:process=":remote" android:name=".receivers.TaskReceiver" />
        <receiver android:name=".receivers.TaskAlarmBootReceiver" android:permission="android.permission.RECEIVE_BOOT_COMPLETED">
            <intent-filter>
                <action android:name="android.intent.action._BOOT_COMPLETED"/>
            </intent-filter>
        </receiver>
    </application>

</manifest>
